city,date_from,date_to,pattern,state,status,territory_id,url
Abaíra,,,doem,BA,invalido,2900108,http://doem.org.br/ba/abaira/diarios
Abaíra,,,doem,BA,invalido,2900108,https://doem.org.br/ba/abaira/diarios
Abaré,,,doem,BA,invalido,2900207,http://doem.org.br/ba/abare/diarios
Abaré,,,doem,BA,invalido,2900207,https://doem.org.br/ba/abare/diarios
Adustina,,,doem,BA,invalido,2900355,http://doem.org.br/ba/adustina/diarios
Adustina,,,doem,BA,invalido,2900355,https://doem.org.br/ba/adustina/diarios
Água Fria,,,doem,BA,invalido,2900405,https://doem.org.br/ba/aguafria/diarios
Água Fria,,,doem,BA,invalido,2900405,http://doem.org.br/ba/aguafria/diarios
Aiquara,,,doem,BA,invalido,2900603,http://doem.org.br/ba/aiquara/diarios
Aiquara,,,doem,BA,invalido,2900603,https://doem.org.br/ba/aiquara/diarios
Almadina,,,doem,BA,invalido,2900900,https://doem.org.br/ba/almadina/diarios
Almadina,,,doem,BA,invalido,2900900,http://doem.org.br/ba/almadina/diarios
Amargosa,,,doem,BA,invalido,2901007,https://doem.org.br/ba/amargosa/diarios
Amargosa,,,doem,BA,invalido,2901007,http://doem.org.br/ba/amargosa/diarios
Amélia Rodrigues,,,doem,BA,invalido,2901106,https://doem.org.br/ba/ameliarodrigues/diarios
Amélia Rodrigues,,,doem,BA,invalido,2901106,http://doem.org.br/ba/ameliarodrigues/diarios
América Dourada,,,doem,BA,invalido,2901155,http://doem.org.br/ba/americadourada/diarios
América Dourada,,,doem,BA,invalido,2901155,https://doem.org.br/ba/americadourada/diarios
Anagé,,,doem,BA,invalido,2901205,http://doem.org.br/ba/anage/diarios
Anagé,,,doem,BA,invalido,2901205,https://doem.org.br/ba/anage/diarios
Andaraí,,,doem,BA,invalido,2901304,http://doem.org.br/ba/andarai/diarios
Andaraí,,,doem,BA,invalido,2901304,https://doem.org.br/ba/andarai/diarios
Andorinha,,,doem,BA,invalido,2901353,https://doem.org.br/ba/andorinha/diarios
Andorinha,,,doem,BA,invalido,2901353,http://doem.org.br/ba/andorinha/diarios
Anguera,,,doem,BA,invalido,2901502,http://doem.org.br/ba/anguera/diarios
Anguera,,,doem,BA,invalido,2901502,https://doem.org.br/ba/anguera/diarios
Antas,,,doem,BA,invalido,2901601,http://doem.org.br/ba/antas/diarios
Antas,,,doem,BA,invalido,2901601,https://doem.org.br/ba/antas/diarios
Antônio Gonçalves,,,doem,BA,invalido,2901809,http://doem.org.br/ba/antoniogoncalves/diarios
Antônio Gonçalves,,,doem,BA,invalido,2901809,https://doem.org.br/ba/antoniogoncalves/diarios
Aporá,,,doem,BA,invalido,2901908,http://doem.org.br/ba/apora/diarios
Aporá,,,doem,BA,invalido,2901908,https://doem.org.br/ba/apora/diarios
Apuarema,,,doem,BA,invalido,2901957,https://doem.org.br/ba/apuarema/diarios
Apuarema,,,doem,BA,invalido,2901957,http://doem.org.br/ba/apuarema/diarios
Araças,,,doem,BA,invalido,2902054,https://doem.org.br/ba/aracas/diarios
Araças,,,doem,BA,invalido,2902054,http://doem.org.br/ba/aracas/diarios
Araci,,,doem,BA,invalido,2902104,http://doem.org.br/ba/araci/diarios
Araci,,,doem,BA,invalido,2902104,https://doem.org.br/ba/araci/diarios
Aramari,,,doem,BA,invalido,2902203,https://doem.org.br/ba/aramari/diarios
Aramari,,,doem,BA,invalido,2902203,http://doem.org.br/ba/aramari/diarios
Arataca,,,doem,BA,invalido,2902252,https://doem.org.br/ba/arataca/diarios
Arataca,,,doem,BA,invalido,2902252,http://doem.org.br/ba/arataca/diarios
Aratuípe,,,doem,BA,invalido,2902302,https://doem.org.br/ba/aratuipe/diarios
Aratuípe,,,doem,BA,invalido,2902302,http://doem.org.br/ba/aratuipe/diarios
Aurelino Leal,,,doem,BA,invalido,2902401,https://doem.org.br/ba/aurelinoleal/diarios
Aurelino Leal,,,doem,BA,invalido,2902401,http://doem.org.br/ba/aurelinoleal/diarios
Baianópolis,,,doem,BA,invalido,2902500,http://doem.org.br/ba/baianopolis/diarios
Baianópolis,,,doem,BA,invalido,2902500,https://doem.org.br/ba/baianopolis/diarios
Baixa Grande,,,doem,BA,invalido,2902609,http://doem.org.br/ba/baixagrande/diarios
Baixa Grande,,,doem,BA,invalido,2902609,https://doem.org.br/ba/baixagrande/diarios
Barra,,,doem,BA,invalido,2902708,http://doem.org.br/ba/barra/diarios
Barra,,,doem,BA,invalido,2902708,https://doem.org.br/ba/barra/diarios
Barra da Estiva,,,doem,BA,invalido,2902807,http://doem.org.br/ba/barra-estiva/diarios
Barra da Estiva,,,doem,BA,invalido,2902807,http://doem.org.br/ba/barra/diarios
Barra da Estiva,,,doem,BA,invalido,2902807,https://doem.org.br/ba/barra-da-estiva/diarios
Barra da Estiva,,,doem,BA,invalido,2902807,http://doem.org.br/ba/barra-da-estiva/diarios
Barra da Estiva,,,doem,BA,invalido,2902807,https://doem.org.br/ba/barra-estiva/diarios
Barra da Estiva,,,doem,BA,invalido,2902807,https://doem.org.br/ba/barradaestiva/diarios
Barra da Estiva,,,doem,BA,invalido,2902807,https://doem.org.br/ba/barra/diarios
Barra da Estiva,,,doem,BA,invalido,2902807,http://doem.org.br/ba/barradaestiva/diarios
Barra do Choça,,,doem,BA,invalido,2902906,http://doem.org.br/ba/barra-do-choca/diarios
Barra do Choça,,,doem,BA,invalido,2902906,http://doem.org.br/ba/barra/diarios
Barra do Choça,,,doem,BA,invalido,2902906,https://doem.org.br/ba/barra/diarios
Barra do Choça,,,doem,BA,invalido,2902906,http://doem.org.br/ba/barra-choca/diarios
Barra do Choça,,,doem,BA,invalido,2902906,https://doem.org.br/ba/barra-do-choca/diarios
Barra do Choça,,,doem,BA,invalido,2902906,https://doem.org.br/ba/barra-choca/diarios
Barra do Mendes,,,doem,BA,invalido,2903003,https://doem.org.br/ba/barra-do-mendes/diarios
Barra do Mendes,,,doem,BA,invalido,2903003,https://doem.org.br/ba/barra/diarios
Barra do Mendes,,,doem,BA,invalido,2903003,http://doem.org.br/ba/barra/diarios
Barra do Mendes,,,doem,BA,invalido,2903003,http://doem.org.br/ba/barra-mendes/diarios
Barra do Mendes,,,doem,BA,invalido,2903003,https://doem.org.br/ba/barra-mendes/diarios
Barra do Mendes,,,doem,BA,invalido,2903003,http://doem.org.br/ba/barra-do-mendes/diarios
Barra do Rocha,,,doem,BA,invalido,2903102,http://doem.org.br/ba/barra-do-rocha/diarios
Barra do Rocha,,,doem,BA,invalido,2903102,https://doem.org.br/ba/barra-rocha/diarios
Barra do Rocha,,,doem,BA,invalido,2903102,https://doem.org.br/ba/barra/diarios
Barra do Rocha,,,doem,BA,invalido,2903102,https://doem.org.br/ba/barradorocha/diarios
Barra do Rocha,,,doem,BA,invalido,2903102,http://doem.org.br/ba/barra/diarios
Barra do Rocha,,,doem,BA,invalido,2903102,https://doem.org.br/ba/barra-do-rocha/diarios
Barra do Rocha,,,doem,BA,invalido,2903102,http://doem.org.br/ba/barra-rocha/diarios
Barra do Rocha,,,doem,BA,invalido,2903102,http://doem.org.br/ba/barradorocha/diarios
Belmonte,,,doem,BA,invalido,2903409,http://doem.org.br/ba/belmonte/diarios
Belmonte,,,doem,BA,invalido,2903409,https://doem.org.br/ba/belmonte/diarios
Belo Campo,,,doem,BA,invalido,2903508,https://doem.org.br/ba/belocampo/diarios
Belo Campo,,,doem,BA,invalido,2903508,http://doem.org.br/ba/belocampo/diarios
Biritinga,,,doem,BA,invalido,2903607,https://doem.org.br/ba/biritinga/diarios
Biritinga,,,doem,BA,invalido,2903607,http://doem.org.br/ba/biritinga/diarios
Boa Nova,,,doem,BA,invalido,2903706,https://doem.org.br/ba/boanova/diarios
Boa Nova,,,doem,BA,invalido,2903706,http://doem.org.br/ba/boanova/diarios
Boa Vista do Tupim,,,doem,BA,invalido,2903805,https://doem.org.br/ba/boavistadotupim/diarios
Boa Vista do Tupim,,,doem,BA,invalido,2903805,http://doem.org.br/ba/boavistadotupim/diarios
Bom Jesus da Lapa,,,doem,BA,invalido,2903904,http://doem.org.br/ba/bomjesusdalapa/diarios
Bom Jesus da Lapa,,,doem,BA,invalido,2903904,https://doem.org.br/ba/bomjesusdalapa/diarios
Bom Jesus da Serra,,,doem,BA,invalido,2903953,http://doem.org.br/ba/bomjesusdaserra/diarios
Bom Jesus da Serra,,,doem,BA,invalido,2903953,https://doem.org.br/ba/bomjesusdaserra/diarios
Boninal,,,doem,BA,invalido,2904001,http://doem.org.br/ba/boninal/diarios
Boninal,,,doem,BA,invalido,2904001,https://doem.org.br/ba/boninal/diarios
Bonito,,,doem,BA,invalido,2904050,https://doem.org.br/ba/bonito/diarios
Bonito,,,doem,BA,invalido,2904050,http://doem.org.br/ba/bonito/diarios
Boquira,,,doem,BA,invalido,2904100,http://doem.org.br/ba/boquira/diarios
Boquira,,,doem,BA,invalido,2904100,https://doem.org.br/ba/boquira/diarios
Botuporã,,,doem,BA,invalido,2904209,https://doem.org.br/ba/botupora/diarios
Botuporã,,,doem,BA,invalido,2904209,http://doem.org.br/ba/botupora/diarios
Brejões,,,doem,BA,invalido,2904308,http://doem.org.br/ba/brejoes/diarios
Brejolândia,,,doem,BA,invalido,2904407,https://doem.org.br/ba/brejolandia/diarios
Brejolândia,,,doem,BA,invalido,2904407,http://doem.org.br/ba/brejolandia/diarios
Brejões,,,doem,BA,invalido,2904308,https://doem.org.br/ba/brejoes/diarios
Brotas de Macaúbas,,,doem,BA,invalido,2904506,http://doem.org.br/ba/macaubas/diarios
Brotas de Macaúbas,,,doem,BA,invalido,2904506,https://doem.org.br/ba/macaubas/diarios
Brumado,,,doem,BA,invalido,2904605,https://doem.org.br/ba/brumado/diarios
Brumado,,,doem,BA,invalido,2904605,http://doem.org.br/ba/brumado/diarios
Buerarema,,,doem,BA,invalido,2904704,http://doem.org.br/ba/buerarema/diarios
Buerarema,,,doem,BA,invalido,2904704,https://doem.org.br/ba/buerarema/diarios
Buritirama,,,doem,BA,invalido,2904753,http://doem.org.br/ba/buritirama/diarios
Buritirama,,,doem,BA,invalido,2904753,https://doem.org.br/ba/buritirama/diarios
Caatiba,,,doem,BA,invalido,2904803,https://doem.org.br/ba/caatiba/diarios
Caatiba,,,doem,BA,invalido,2904803,http://doem.org.br/ba/caatiba/diarios
Cabaceiras do Paraguaçu,,,doem,BA,invalido,2904852,https://doem.org.br/ba/cabaceirasdoparaguacu/diarios
Cabaceiras do Paraguaçu,,,doem,BA,invalido,2904852,http://doem.org.br/ba/cabaceirasdoparaguacu/diarios
Caém,,,doem,BA,invalido,2905107,https://doem.org.br/ba/caem/diarios
Caém,,,doem,BA,invalido,2905107,http://doem.org.br/ba/caem/diarios
Caetanos,,,doem,BA,invalido,2905156,https://doem.org.br/ba/caetanos/diarios
Caetanos,,,doem,BA,invalido,2905156,http://doem.org.br/ba/caetanos/diarios
Cafarnaum,,,doem,BA,invalido,2905305,http://doem.org.br/ba/cafarnaum/diarios
Cafarnaum,,,doem,BA,invalido,2905305,https://doem.org.br/ba/cafarnaum/diarios
Cairu,,,doem,BA,invalido,2905404,http://doem.org.br/ba/cairu/diarios
Cairu,,,doem,BA,invalido,2905404,https://doem.org.br/ba/cairu/diarios
Caldeirão Grande,,,doem,BA,invalido,2905503,http://doem.org.br/ba/caldeiraogrande/diarios
Caldeirão Grande,,,doem,BA,invalido,2905503,https://doem.org.br/ba/caldeiraogrande/diarios
Camacan,,,doem,BA,invalido,2905602,http://doem.org.br/ba/camacan/diarios
Camacan,,,doem,BA,invalido,2905602,https://doem.org.br/ba/camacan/diarios
Camaçari,,,doem,BA,invalido,2905701,http://doem.org.br/ba/camacari/diarios
Camaçari,,,doem,BA,invalido,2905701,https://doem.org.br/ba/camacari/diarios
Canápolis,,,doem,BA,invalido,2906105,https://doem.org.br/ba/canapolis/diarios
Canápolis,,,doem,BA,invalido,2906105,http://doem.org.br/ba/canapolis/diarios
Canarana,,,doem,BA,invalido,2906204,http://doem.org.br/ba/canarana/diarios
Canarana,,,doem,BA,invalido,2906204,https://doem.org.br/ba/canarana/diarios
Canavieiras,,,doem,BA,invalido,2906303,http://doem.org.br/ba/canavieiras/diarios
Canavieiras,,,doem,BA,invalido,2906303,https://doem.org.br/ba/canavieiras/diarios
Candeal,,,doem,BA,invalido,2906402,https://doem.org.br/ba/candeal/diarios
Candeal,,,doem,BA,invalido,2906402,http://doem.org.br/ba/candeal/diarios
Candiba,,,doem,BA,invalido,2906600,http://doem.org.br/ba/candiba/diarios
Candiba,,,doem,BA,invalido,2906600,https://doem.org.br/ba/candiba/diarios
Cândido Sales,,,doem,BA,invalido,2906709,http://doem.org.br/ba/candidosales/diarios
Cândido Sales,,,doem,BA,invalido,2906709,https://doem.org.br/ba/candidosales/diarios
Capela do Alto Alegre,,,doem,BA,invalido,2906857,http://doem.org.br/ba/capeladoaltoalegre/diarios
Capela do Alto Alegre,,,doem,BA,invalido,2906857,https://doem.org.br/ba/capeladoaltoalegre/diarios
Capim Grosso,,,doem,BA,invalido,2906873,https://transparencia.capimgrosso.ba.gov.br
Caraíbas,,,doem,BA,invalido,2906899,https://doem.org.br/ba/caraibas/diarios
Caraíbas,,,doem,BA,invalido,2906899,http://doem.org.br/ba/caraibas/diarios
Caravelas,,,doem,BA,invalido,2906907,http://doem.org.br/ba/caravelas/diarios
Caravelas,,,doem,BA,invalido,2906907,https://doem.org.br/ba/caravelas/diarios
Cardeal da Silva,,,doem,BA,invalido,2907004,http://doem.org.br/ba/cardealdasilva/diarios
Cardeal da Silva,,,doem,BA,invalido,2907004,https://doem.org.br/ba/cardealdasilva/diarios
Carinhanha,,,doem,BA,invalido,2907103,https://doem.org.br/ba/carinhanha/diarios
Carinhanha,,,doem,BA,invalido,2907103,http://doem.org.br/ba/carinhanha/diarios
Casa Nova,,,doem,BA,invalido,2907202,http://doem.org.br/ba/casanova/diarios
Casa Nova,,,doem,BA,invalido,2907202,https://doem.org.br/ba/casanova/diarios
Castro Alves,,,doem,BA,invalido,2907301,http://doem.org.br/ba/castroalves/diarios
Castro Alves,,,doem,BA,invalido,2907301,https://doem.org.br/ba/castroalves/diarios
Caturama,,,doem,BA,invalido,2907558,http://doem.org.br/ba/caturama/diarios
Caturama,,,doem,BA,invalido,2907558,https://doem.org.br/ba/caturama/diarios
Central,,,doem,BA,invalido,2907608,http://doem.org.br/ba/central/diarios
Central,,,doem,BA,invalido,2907608,https://doem.org.br/ba/central/diarios
Chorrochó,,,doem,BA,invalido,2907707,https://doem.org.br/ba/chorrocho/diarios
Chorrochó,,,doem,BA,invalido,2907707,http://doem.org.br/ba/chorrocho/diarios
Coaraci,,,doem,BA,invalido,2908002,http://acessoainformacao.coaraci.ba.gov.br
Coaraci,,,doem,BA,invalido,2908002,https://acessoainformacao.coaraci.ba.gov.br
Cocos,,,doem,BA,invalido,2908101,http://doem.org.br/ba/cocos/diarios
Cocos,,,doem,BA,invalido,2908101,https://doem.org.br/ba/cocos/diarios
Conceição da Feira,,,doem,BA,invalido,2908200,http://doem.org.br/ba/conceicaodafeira/diarios
Conceição da Feira,,,doem,BA,invalido,2908200,https://doem.org.br/ba/conceicaodafeira/diarios
Conceição do Almeida,,,doem,BA,invalido,2908309,http://doem.org.br/ba/conceicaodoalmeida/diarios
Conceição do Almeida,,,doem,BA,invalido,2908309,https://doem.org.br/ba/conceicaodoalmeida/diarios
Conceição do Coité,,,doem,BA,invalido,2908408,http://doem.org.br/ba/conceicaodocoite/diarios
Conceição do Coité,,,doem,BA,invalido,2908408,https://doem.org.br/ba/conceicaodocoite/diarios
Conceição do Jacuípe,,,doem,BA,invalido,2908507,http://doem.org.br/ba/conceicaodojacuipe/diarios
Conceição do Jacuípe,,,doem,BA,invalido,2908507,https://doem.org.br/ba/conceicaodojacuipe/diarios
Conde,,,doem,BA,invalido,2908606,https://doem.org.br/ba/conde/diarios
Conde,,,doem,BA,invalido,2908606,http://doem.org.br/ba/conde/diarios
Condeúba,,,doem,BA,invalido,2908705,https://doem.org.br/ba/condeuba/diarios
Condeúba,,,doem,BA,invalido,2908705,http://doem.org.br/ba/condeuba/diarios
Contendas do Sincorá,,,doem,BA,invalido,2908804,https://doem.org.br/ba/contendasdosincora/diarios
Contendas do Sincorá,,,doem,BA,invalido,2908804,http://doem.org.br/ba/contendasdosincora/diarios
Coração de Maria,,,doem,BA,invalido,2908903,https://doem.org.br/ba/coracaodemaria/diarios
Coração de Maria,,,doem,BA,invalido,2908903,http://doem.org.br/ba/coracaodemaria/diarios
Cordeiros,,,doem,BA,invalido,2909000,http://doem.org.br/ba/cordeiros/diarios
Cordeiros,,,doem,BA,invalido,2909000,https://doem.org.br/ba/cordeiros/diarios
Coribe,,,doem,BA,invalido,2909109,http://doem.org.br/ba/coribe/diarios
Coribe,,,doem,BA,invalido,2909109,https://doem.org.br/ba/coribe/diarios
Coronel João Sá,,,doem,BA,invalido,2909208,http://doem.org.br/ba/coroneljoaosa/diarios
Coronel João Sá,,,doem,BA,invalido,2909208,https://doem.org.br/ba/coroneljoaosa/diarios
Correntina,,,doem,BA,invalido,2909307,https://doem.org.br/ba/correntina/diarios
Correntina,,,doem,BA,invalido,2909307,http://doem.org.br/ba/correntina/diarios
Cravolândia,,,doem,BA,invalido,2909505,https://doem.org.br/ba/cravolandia/diarios
Cravolândia,,,doem,BA,invalido,2909505,http://doem.org.br/ba/cravolandia/diarios
Crisópolis,,,doem,BA,invalido,2909604,http://doem.org.br/ba/crisopolis/diarios
Crisópolis,,,doem,BA,invalido,2909604,https://doem.org.br/ba/crisopolis/diarios
Curaçá,,,doem,BA,invalido,2909901,http://doem.org.br/ba/curaca/diarios
Curaçá,,,doem,BA,invalido,2909901,https://doem.org.br/ba/curaca/diarios
Dário Meira,,,doem,BA,invalido,2910008,https://doem.org.br/ba/dariomeira/diarios
Dário Meira,,,doem,BA,invalido,2910008,http://doem.org.br/ba/dariomeira/diarios
Dias d'Ávila,,,doem,BA,invalido,2910057,http://doem.org.br/ba/diasdavila/diarios
Dias d'Ávila,,,doem,BA,invalido,2910057,https://doem.org.br/ba/diasdavila/diarios
Dom Basílio,,,doem,BA,invalido,2910107,https://doem.org.br/ba/dombasilio/diarios
Dom Basílio,,,doem,BA,invalido,2910107,http://doem.org.br/ba/dombasilio/diarios
Dom Macedo Costa,,,doem,BA,invalido,2910206,http://doem.org.br/ba/dommacedocosta/diarios
Dom Macedo Costa,,,doem,BA,invalido,2910206,https://doem.org.br/ba/dommacedocosta/diarios
Elísio Medrado,,,doem,BA,invalido,2910305,http://doem.org.br/ba/elisiomedrado/diarios
Elísio Medrado,,,doem,BA,invalido,2910305,https://doem.org.br/ba/elisiomedrado/diarios
Entre Rios,,,doem,BA,invalido,2910503,http://doem.org.br/ba/entrerios/diarios
Entre Rios,,,doem,BA,invalido,2910503,https://doem.org.br/ba/entrerios/diarios
Euclides da Cunha,,,doem,BA,invalido,2910701,http://doem.org.br/ba/euclidesdacunha/diarios
Euclides da Cunha,,,doem,BA,invalido,2910701,https://doem.org.br/ba/euclidesdacunha/diarios
Eunápolis,,,doem,BA,invalido,2910727,https://doem.org.br/ba/eunapolis/diarios
Eunápolis,,,doem,BA,invalido,2910727,http://doem.org.br/ba/eunapolis/diarios
Fátima,,,doem,BA,invalido,2910750,http://doem.org.br/ba/fatima/diarios
Fátima,,,doem,BA,invalido,2910750,https://doem.org.br/ba/fatima/diarios
Feira da Mata,,,doem,BA,invalido,2910776,http://doem.org.br/ba/feiradamata/diarios
Feira da Mata,,,doem,BA,invalido,2910776,https://doem.org.br/ba/feiradamata/diarios
Feira de Santana,,,doem,BA,invalido,2910800,https://doem.org.br/ba/feiradesantana/diarios
Feira de Santana,,,doem,BA,invalido,2910800,http://doem.org.br/ba/santana/diarios
Feira de Santana,,,doem,BA,invalido,2910800,http://doem.org.br/ba/feiradesantana/diarios
Feira de Santana,,,doem,BA,invalido,2910800,https://doem.org.br/ba/santana/diarios
Filadélfia,,,doem,BA,invalido,2910859,http://doem.org.br/ba/filadelfia/diarios
Filadélfia,,,doem,BA,invalido,2910859,https://doem.org.br/ba/filadelfia/diarios
Gandu,,,doem,BA,invalido,2911204,http://doem.org.br/ba/gandu/diarios
Gandu,,,doem,BA,invalido,2911204,https://doem.org.br/ba/gandu/diarios
Gavião,,,doem,BA,invalido,2911253,https://doem.org.br/ba/gaviao/diarios
Gavião,,,doem,BA,invalido,2911253,http://doem.org.br/ba/gaviao/diarios
Glória,,,doem,BA,invalido,2911402,https://doem.org.br/ba/gloria/diarios
Glória,,,doem,BA,invalido,2911402,http://doem.org.br/ba/gloria/diarios
Governador Mangabeira,,,doem,BA,invalido,2911600,http://doem.org.br/ba/governadormangabeira/diarios
Governador Mangabeira,,,doem,BA,invalido,2911600,https://doem.org.br/ba/governadormangabeira/diarios
Guajeru,,,doem,BA,invalido,2911659,http://doem.org.br/ba/guajeru/diarios
Guajeru,,,doem,BA,invalido,2911659,https://doem.org.br/ba/guajeru/diarios
Guanambi,,,doem,BA,invalido,2911709,https://doem.org.br/ba/guanambi/diarios
Guanambi,,,doem,BA,invalido,2911709,http://doem.org.br/ba/guanambi/diarios
Guaratinga,,,doem,BA,invalido,2911808,http://doem.org.br/ba/guaratinga/diarios
Guaratinga,,,doem,BA,invalido,2911808,https://doem.org.br/ba/guaratinga/diarios
Iaçu,,,doem,BA,invalido,2911907,http://doem.org.br/ba/iacu/diarios
Iaçu,,,doem,BA,invalido,2911907,https://doem.org.br/ba/iacu/diarios
Ibiassucê,,,doem,BA,invalido,2912004,http://doem.org.br/ba/ibiassuce/diarios
Ibiassucê,,,doem,BA,invalido,2912004,https://doem.org.br/ba/ibiassuce/diarios
Ibicaraí,,,doem,BA,invalido,2912103,http://doem.org.br/ba/ibicarai/diarios
Ibicaraí,,,doem,BA,invalido,2912103,https://doem.org.br/ba/ibicarai/diarios
Ibicoara,,,doem,BA,invalido,2912202,http://doem.org.br/ba/ibicoara/diarios
Ibicoara,,,doem,BA,invalido,2912202,https://doem.org.br/ba/ibicoara/diarios
Ibicuí,,,doem,BA,invalido,2912301,http://doem.org.br/ba/ibicui/diarios
Ibicuí,,,doem,BA,invalido,2912301,https://doem.org.br/ba/ibicui/diarios
Ibipeba,,,doem,BA,invalido,2912400,http://doem.org.br/ba/ibipeba/diarios
Ibipeba,,,doem,BA,invalido,2912400,https://doem.org.br/ba/ibipeba/diarios
Ibipitanga,,,doem,BA,invalido,2912509,http://doem.org.br/ba/ibipitanga/diarios
Ibipitanga,,,doem,BA,invalido,2912509,https://doem.org.br/ba/ibipitanga/diarios
Ibiquera,,,doem,BA,invalido,2912608,https://doem.org.br/ba/ibiquera/diarios
Ibiquera,,,doem,BA,invalido,2912608,http://doem.org.br/ba/ibiquera/diarios
Ibirapitanga,,,doem,BA,invalido,2912707,http://doem.org.br/ba/ibirapitanga/diarios
Ibirapitanga,,,doem,BA,invalido,2912707,https://doem.org.br/ba/ibirapitanga/diarios
Ibirapuã,,,doem,BA,invalido,2912806,https://doem.org.br/ba/ibirapua/diarios
Ibirapuã,,,doem,BA,invalido,2912806,http://doem.org.br/ba/ibirapua/diarios
Ibirataia,,,doem,BA,invalido,2912905,http://doem.org.br/ba/ibirataia/diarios
Ibirataia,,,doem,BA,invalido,2912905,https://doem.org.br/ba/ibirataia/diarios
Ibitiara,,,doem,BA,invalido,2913002,http://doem.org.br/ba/ibitiara/diarios
Ibitiara,,,doem,BA,invalido,2913002,https://doem.org.br/ba/ibitiara/diarios
Ibititá,,,doem,BA,invalido,2913101,http://doem.org.br/ba/ibitita/diarios
Ibititá,,,doem,BA,invalido,2913101,https://doem.org.br/ba/ibitita/diarios
Ibotirama,,,doem,BA,invalido,2913200,http://doem.org.br/ba/ibotirama/diarios
Ibotirama,,,doem,BA,invalido,2913200,https://doem.org.br/ba/ibotirama/diarios
Ichu,,,doem,BA,invalido,2913309,http://doem.org.br/ba/ichu/diarios
Ichu,,,doem,BA,invalido,2913309,https://doem.org.br/ba/ichu/diarios
Igaporã,,,doem,BA,invalido,2913408,http://doem.org.br/ba/igapora/diarios
Igaporã,,,doem,BA,invalido,2913408,https://doem.org.br/ba/igapora/diarios
Igrapiúna,,,doem,BA,invalido,2913457,http://doem.org.br/ba/igrapiuna/diarios
Igrapiúna,,,doem,BA,invalido,2913457,https://doem.org.br/ba/igrapiuna/diarios
Iguaí,,,doem,BA,invalido,2913507,https://doem.org.br/ba/iguai/diarios
Iguaí,,,doem,BA,invalido,2913507,http://doem.org.br/ba/iguai/diarios
Ilhéus,,,doem,BA,invalido,2913606,http://doem.org.br/ba/ilheus/diarios
Ilhéus,,,doem,BA,invalido,2913606,https://doem.org.br/ba/ilheus/diarios
Ipecaetá,,,doem,BA,invalido,2913804,http://doem.org.br/ba/ipecaeta/diarios
Ipecaetá,,,doem,BA,invalido,2913804,https://doem.org.br/ba/ipecaeta/diarios
Ipirá,,,doem,BA,invalido,2914000,http://doem.org.br/ba/ipira/diarios
Ipirá,,,doem,BA,invalido,2914000,https://doem.org.br/ba/ipira/diarios
Ipupiara,,,doem,BA,invalido,2914109,http://doem.org.br/ba/ipupiara/diarios
Ipupiara,,,doem,BA,invalido,2914109,https://doem.org.br/ba/ipupiara/diarios
Irajuba,,,doem,BA,invalido,2914208,https://doem.org.br/ba/irajuba/diarios
Irajuba,,,doem,BA,invalido,2914208,http://doem.org.br/ba/irajuba/diarios
Iramaia,,,doem,BA,invalido,2914307,http://doem.org.br/ba/iramaia/diarios
Iramaia,,,doem,BA,invalido,2914307,https://doem.org.br/ba/iramaia/diarios
Iraquara,,,doem,BA,invalido,2914406,http://doem.org.br/ba/iraquara/diarios
Iraquara,,,doem,BA,invalido,2914406,https://doem.org.br/ba/iraquara/diarios
Irecê,,,doem,BA,invalido,2914604,https://doem.org.br/ba/irece/diarios
Irecê,,,doem,BA,invalido,2914604,http://doem.org.br/ba/irece/diarios
Itabaianinha,,,doem,SE,invalido,2803005,http://doem.org.br/se/itabaianinha/diarios
Itabaianinha,,,doem,SE,invalido,2803005,https://doem.org.br/se/itabaianinha/diarios
Itabela,,,doem,BA,invalido,2914653,http://doem.org.br/ba/itabela/diarios
Itabela,,,doem,BA,invalido,2914653,https://doem.org.br/ba/itabela/diarios
Itacaré,,,doem,BA,invalido,2914901,http://doem.org.br/ba/itacare/diarios
Itabuna,,,doem,BA,invalido,2914802,https://acessoinformacao.com.br/ba/itabuna/
Itacaré,,,doem,BA,invalido,2914901,https://doem.org.br/ba/itacare/diarios
Itagi,,,doem,BA,invalido,2915106,http://doem.org.br/ba/itagi/diarios
Itagi,,,doem,BA,invalido,2915106,https://doem.org.br/ba/itagi/diarios
Itagibá,,,doem,BA,invalido,2915205,http://doem.org.br/ba/itagiba/diarios
Itagibá,,,doem,BA,invalido,2915205,https://doem.org.br/ba/itagiba/diarios
Itagimirim,,,doem,BA,invalido,2915304,http://doem.org.br/ba/itagimirim/diarios
Itagimirim,,,doem,BA,invalido,2915304,https://doem.org.br/ba/itagimirim/diarios
Itaguaçu da Bahia,,,doem,BA,invalido,2915353,http://doem.org.br/ba/itaguacudabahia/diarios
Itaguaçu da Bahia,,,doem,BA,invalido,2915353,https://doem.org.br/ba/itaguacudabahia/diarios
Itaju do Colônia,,,doem,BA,invalido,2915403,https://doem.org.br/ba/itajudocolonia/diarios
Itaju do Colônia,,,doem,BA,invalido,2915403,http://doem.org.br/ba/itajudocolonia/diarios
Itajuípe,,,doem,BA,invalido,2915502,https://doem.org.br/ba/itajuipe/diarios
Itajuípe,,,doem,BA,invalido,2915502,http://doem.org.br/ba/itajuipe/diarios
Itamari,,,doem,BA,invalido,2915700,http://doem.org.br/ba/itamari/diarios
Itamari,,,doem,BA,invalido,2915700,https://doem.org.br/ba/itamari/diarios
Itambé,,,doem,BA,invalido,2915809,http://doem.org.br/ba/itambe/diarios
Itambé,,,doem,BA,invalido,2915809,https://doem.org.br/ba/itambe/diarios
Itanagra,,,doem,BA,invalido,2915908,http://doem.org.br/ba/itanagra/diarios
Itanagra,,,doem,BA,invalido,2915908,https://doem.org.br/ba/itanagra/diarios
Itaparica,,,doem,BA,invalido,2916104,http://doem.org.br/ba/itaparica/diarios
Itapé,,,doem,BA,invalido,2916203,http://doem.org.br/ba/itape/diarios
Itapé,,,doem,BA,invalido,2916203,https://doem.org.br/ba/itape/diarios
Itaparica,,,doem,BA,invalido,2916104,https://doem.org.br/ba/itaparica/diarios
Itapebi,,,doem,BA,invalido,2916302,http://doem.org.br/ba/itapebi/diarios
Itapebi,,,doem,BA,invalido,2916302,https://doem.org.br/ba/itapebi/diarios
Itapitanga,,,doem,BA,invalido,2916609,http://doem.org.br/ba/itapitanga/diarios
Itapitanga,,,doem,BA,invalido,2916609,https://doem.org.br/ba/itapitanga/diarios
Itaquara,,,doem,BA,invalido,2916708,https://doem.org.br/ba/itaquara/diarios
Itaquara,,,doem,BA,invalido,2916708,http://doem.org.br/ba/itaquara/diarios
Itarantim,,,doem,BA,invalido,2916807,http://doem.org.br/ba/itarantim/diarios
Itarantim,,,doem,BA,invalido,2916807,https://doem.org.br/ba/itarantim/diarios
Itatim,,,doem,BA,invalido,2916856,http://doem.org.br/ba/itatim/diarios
Itatim,,,doem,BA,invalido,2916856,https://doem.org.br/ba/itatim/diarios
Itiruçu,,,doem,BA,invalido,2916906,http://doem.org.br/ba/itirucu/diarios
Itiruçu,,,doem,BA,invalido,2916906,https://doem.org.br/ba/itirucu/diarios
Itiúba,,,doem,BA,invalido,2917003,https://doem.org.br/ba/itiuba/diarios
Itiúba,,,doem,BA,invalido,2917003,http://doem.org.br/ba/itiuba/diarios
Itororó,,,doem,BA,invalido,2917102,http://doem.org.br/ba/itororo/diarios
Itororó,,,doem,BA,invalido,2917102,https://doem.org.br/ba/itororo/diarios
Ituberá,,,doem,BA,invalido,2917300,http://doem.org.br/ba/itubera/diarios
Ituberá,,,doem,BA,invalido,2917300,https://doem.org.br/ba/itubera/diarios
Iuiú,,,doem,BA,invalido,2917334,http://doem.org.br/ba/iuiu/diarios
Iuiú,,,doem,BA,invalido,2917334,https://doem.org.br/ba/iuiu/diarios
Jaborandi,,,doem,BA,invalido,2917359,https://doem.org.br/ba/jaborandi/diarios
Jaborandi,,,doem,BA,invalido,2917359,http://doem.org.br/ba/jaborandi/diarios
Jacaraci,,,doem,BA,invalido,2917409,https://doem.org.br/ba/jacaraci/diarios
Jacaraci,,,doem,BA,invalido,2917409,http://doem.org.br/ba/jacaraci/diarios
Jacobina,,,doem,BA,invalido,2917508,http://www.acessoinformacao.com.br/ba/jacobina/
Jacobina,,,doem,BA,invalido,2917508,https://www.acessoinformacao.com.br/ba/jacobina/
Jaguaripe,,,doem,BA,invalido,2917805,https://doem.org.br/ba/jaguaripe/diarios
Jaguaripe,,,doem,BA,invalido,2917805,http://doem.org.br/ba/jaguaripe/diarios
Jandaíra,,,doem,BA,invalido,2917904,https://doem.org.br/ba/jandaira/diarios
Jandaíra,,,doem,BA,invalido,2917904,http://doem.org.br/ba/jandaira/diarios
Jequié,,,doem,BA,invalido,2918001,http://doem.org.br/ba/jequie/diarios
Jequié,,,doem,BA,invalido,2918001,https://doem.org.br/ba/jequie/diarios
Jeremoabo,,,doem,BA,invalido,2918100,https://doem.org.br/ba/jeremoabo/diarios
Jeremoabo,,,doem,BA,invalido,2918100,http://doem.org.br/ba/jeremoabo/diarios
Jiquiriçá,,,doem,BA,invalido,2918209,http://doem.org.br/ba/jiquirica/diarios
Jiquiriçá,,,doem,BA,invalido,2918209,https://doem.org.br/ba/jiquirica/diarios
Jitaúna,,,doem,BA,invalido,2918308,http://doem.org.br/ba/jitauna/diarios
Jitaúna,,,doem,BA,invalido,2918308,https://doem.org.br/ba/jitauna/diarios
João Dourado,,,doem,BA,invalido,2918357,https://doem.org.br/ba/joaodourado/diarios
João Dourado,,,doem,BA,invalido,2918357,http://doem.org.br/ba/joaodourado/diarios
Jucuruçu,,,doem,BA,invalido,2918456,https://doem.org.br/ba/jucurucu/diarios
Jucuruçu,,,doem,BA,invalido,2918456,http://doem.org.br/ba/jucurucu/diarios
Jussara,,,doem,BA,invalido,2918506,http://doem.org.br/ba/jussara/diarios
Jussara,,,doem,BA,invalido,2918506,https://doem.org.br/ba/jussara/diarios
Jussari,,,doem,BA,invalido,2918555,https://doem.org.br/ba/jussari/diarios
Jussari,,,doem,BA,invalido,2918555,http://doem.org.br/ba/jussari/diarios
Jussiape,,,doem,BA,invalido,2918605,https://doem.org.br/ba/jussiape/diarios
Jussiape,,,doem,BA,invalido,2918605,http://doem.org.br/ba/jussiape/diarios
Lafaiete Coutinho,,,doem,BA,invalido,2918704,https://doem.org.br/ba/lafaietecoutinho/diarios
Lafaiete Coutinho,,,doem,BA,invalido,2918704,http://doem.org.br/ba/lafaietecoutinho/diarios
Lagoa Real,,,doem,BA,invalido,2918753,http://doem.org.br/ba/lagoareal/diarios
Lagoa Real,,,doem,BA,invalido,2918753,https://doem.org.br/ba/lagoareal/diarios
Lajedinho,,,doem,BA,invalido,2919009,https://doem.org.br/ba/lajedinho/diarios
Lajedinho,,,doem,BA,invalido,2919009,http://doem.org.br/ba/lajedinho/diarios
Lajedo do Tabocal,,,doem,BA,invalido,2919058,https://doem.org.br/ba/lajedodotabocal/diarios
Lajedo do Tabocal,,,doem,BA,invalido,2919058,http://doem.org.br/ba/lajedodotabocal/diarios
Lamarão,,,doem,BA,invalido,2919108,https://doem.org.br/ba/lamarao/diarios
Lamarão,,,doem,BA,invalido,2919108,http://doem.org.br/ba/lamarao/diarios
Lapão,,,doem,BA,invalido,2919157,http://doem.org.br/ba/lapao/diarios
Lapão,,,doem,BA,invalido,2919157,https://doem.org.br/ba/lapao/diarios
Lauro de Freitas,,,doem,BA,invalido,2919207,http://doem.org.br/ba/laurodefreitas/diarios
Lauro de Freitas,,,doem,BA,invalido,2919207,https://doem.org.br/ba/laurodefreitas/diarios
Lençóis,,,doem,BA,invalido,2919306,http://doem.org.br/ba/lencois/diarios
Lençóis,,,doem,BA,invalido,2919306,https://doem.org.br/ba/lencois/diarios
Licínio de Almeida,,,doem,BA,invalido,2919405,http://doem.org.br/ba/liciniodealmeida/diarios
Licínio de Almeida,,,doem,BA,invalido,2919405,https://doem.org.br/ba/liciniodealmeida/diarios
Livramento de Nossa Senhora,,,doem,BA,invalido,2919504,https://doem.org.br/ba/livramentodenossasenhora/diarios
Livramento de Nossa Senhora,,,doem,BA,invalido,2919504,http://doem.org.br/ba/livramentodenossasenhora/diarios
Luís Eduardo Magalhães,,,doem,BA,invalido,2919553,http://doem.org.br/ba/luiseduardomagalhaes/diarios
Luís Eduardo Magalhães,,,doem,BA,invalido,2919553,https://doem.org.br/ba/luiseduardomagalhaes/diarios
Macarani,,,doem,BA,invalido,2919702,http://doem.org.br/ba/macarani/diarios
Macarani,,,doem,BA,invalido,2919702,https://doem.org.br/ba/macarani/diarios
Macaúbas,,,doem,BA,invalido,2919801,http://doem.org.br/ba/macaubas/diarios
Macaúbas,,,doem,BA,invalido,2919801,https://doem.org.br/ba/macaubas/diarios
Maceió,,,doem,AL,invalido,2704302,http://doem.org.br/al/maceio/diarios
Maceió,,,doem,AL,invalido,2704302,https://doem.org.br/al/maceio/diarios
Macururé,,,doem,BA,invalido,2919900,https://doem.org.br/ba/macurure/diarios
Macururé,,,doem,BA,invalido,2919900,http://doem.org.br/ba/macurure/diarios
Madre de Deus,,,doem,BA,invalido,2919926,http://doem.org.br/ba/madrededeus/diarios
Madre de Deus,,,doem,BA,invalido,2919926,https://doem.org.br/ba/madrededeus/diarios
Maetinga,,,doem,BA,invalido,2919959,https://doem.org.br/ba/maetinga/diarios
Maetinga,,,doem,BA,invalido,2919959,http://doem.org.br/ba/maetinga/diarios
Maiquinique,,,doem,BA,invalido,2920007,https://doem.org.br/ba/maiquinique/diarios
Maiquinique,,,doem,BA,invalido,2920007,http://doem.org.br/ba/maiquinique/diarios
Mairi,,,doem,BA,invalido,2920106,http://doem.org.br/ba/mairi/diarios
Mairi,,,doem,BA,invalido,2920106,https://doem.org.br/ba/mairi/diarios
Malhada,,,doem,BA,invalido,2920205,http://doem.org.br/ba/malhada/diarios
Malhada,,,doem,BA,invalido,2920205,https://doem.org.br/ba/malhada/diarios
Malhada de Pedras,,,doem,BA,invalido,2920304,https://doem.org.br/ba/malhadadepedras/diarios
Malhada de Pedras,,,doem,BA,invalido,2920304,http://doem.org.br/ba/malhadadepedras/diarios
Malhada de Pedras,,,doem,BA,invalido,2920304,http://doem.org.br/ba/malhada-de-pedras/diarios
Malhada de Pedras,,,doem,BA,invalido,2920304,http://doem.org.br/ba/malhada/diarios
Malhada de Pedras,,,doem,BA,invalido,2920304,https://doem.org.br/ba/malhada-de-pedras/diarios
Malhada de Pedras,,,doem,BA,invalido,2920304,https://doem.org.br/ba/malhada/diarios
Malhada de Pedras,,,doem,BA,invalido,2920304,http://doem.org.br/ba/malhada-pedras/diarios
Malhada de Pedras,,,doem,BA,invalido,2920304,https://doem.org.br/ba/malhada-pedras/diarios
Manoel Vitorino,,,doem,BA,invalido,2920403,https://doem.org.br/ba/manoelvitorino/diarios
Manoel Vitorino,,,doem,BA,invalido,2920403,http://doem.org.br/ba/manoelvitorino/diarios
Mansidão,,,doem,BA,invalido,2920452,https://doem.org.br/ba/mansidao/diarios
Mansidão,,,doem,BA,invalido,2920452,http://doem.org.br/ba/mansidao/diarios
Maracás,,,doem,BA,invalido,2920502,http://doem.org.br/ba/maracas/diarios
Maracás,,,doem,BA,invalido,2920502,https://doem.org.br/ba/maracas/diarios
Maraú,,,doem,BA,invalido,2920700,http://doem.org.br/ba/marau/diarios
Maraú,,,doem,BA,invalido,2920700,https://doem.org.br/ba/marau/diarios
Marcionílio Souza,,,doem,BA,invalido,2920809,http://doem.org.br/ba/marcioniliosouza/diarios
Marcionílio Souza,,,doem,BA,invalido,2920809,https://doem.org.br/ba/marcioniliosouza/diarios
Mata de São João,,,doem,BA,invalido,2921005,https://doem.org.br/ba/matadesaojoao/diarios
Mata de São João,,,doem,BA,invalido,2921005,http://doem.org.br/ba/matadesaojoao/diarios
Matina,,,doem,BA,invalido,2921054,http://doem.org.br/ba/matina/diarios
Matina,,,doem,BA,invalido,2921054,https://doem.org.br/ba/matina/diarios
Milagres,,,doem,BA,invalido,2921302,https://doem.org.br/ba/milagres/diarios
Milagres,,,doem,BA,invalido,2921302,http://doem.org.br/ba/milagres/diarios
Miguel Calmon,,,doem,BA,invalido,2921203,https://transparencia.miguelcalmon.ba.gov.br
Mirangaba,,,doem,BA,invalido,2921401,http://doem.org.br/ba/mirangaba/diarios
Mirangaba,,,doem,BA,invalido,2921401,https://doem.org.br/ba/mirangaba/diarios
Mirante,,,doem,BA,invalido,2921450,http://doem.org.br/ba/mirante/diarios
Mirante,,,doem,BA,invalido,2921450,https://doem.org.br/ba/mirante/diarios
Morpará,,,doem,BA,invalido,2921609,http://doem.org.br/ba/morpara/diarios
Morpará,,,doem,BA,invalido,2921609,https://doem.org.br/ba/morpara/diarios
Mortugaba,,,doem,BA,invalido,2921807,https://doem.org.br/ba/mortugaba/diarios
Mortugaba,,,doem,BA,invalido,2921807,http://doem.org.br/ba/mortugaba/diarios
Mucugê,,,doem,BA,invalido,2921906,http://doem.org.br/ba/mucuge/diarios
Mucugê,,,doem,BA,invalido,2921906,https://doem.org.br/ba/mucuge/diarios
Mulungu do Morro,,,doem,BA,invalido,2922052,http://doem.org.br/ba/mulungudomorro/diarios
Mulungu do Morro,,,doem,BA,invalido,2922052,https://doem.org.br/ba/mulungudomorro/diarios
Muniz Ferreira,,,doem,BA,invalido,2922201,http://doem.org.br/ba/munizferreira/diarios
Muniz Ferreira,,,doem,BA,invalido,2922201,https://doem.org.br/ba/munizferreira/diarios
Muquém de São Francisco,,,doem,BA,invalido,2922250,http://doem.org.br/ba/muquemdesaofrancisco/diarios
Muquém de São Francisco,,,doem,BA,invalido,2922250,https://doem.org.br/ba/muquemdesaofrancisco/diarios
Muritiba,,,doem,BA,invalido,2922300,http://doem.org.br/ba/muritiba/diarios
Muritiba,,,doem,BA,invalido,2922300,https://doem.org.br/ba/muritiba/diarios
Mutuípe,,,doem,BA,invalido,2922409,https://doem.org.br/ba/mutuipe/diarios
Mutuípe,,,doem,BA,invalido,2922409,http://doem.org.br/ba/mutuipe/diarios
Nazaré,,,doem,BA,invalido,2922508,http://doem.org.br/ba/nazare/diarios
Nazaré,,,doem,BA,invalido,2922508,https://doem.org.br/ba/nazare/diarios
Nilo Peçanha,,,doem,BA,invalido,2922607,http://doem.org.br/ba/nilopecanha/diarios
Nilo Peçanha,,,doem,BA,invalido,2922607,https://doem.org.br/ba/nilopecanha/diarios
Nordestina,,,doem,BA,invalido,2922656,http://doem.org.br/ba/nordestina/diarios
Nordestina,,,doem,BA,invalido,2922656,https://doem.org.br/ba/nordestina/diarios
Nova Canaã,,,doem,BA,invalido,2922706,http://doem.org.br/ba/novacanaa/diarios
Nova Canaã,,,doem,BA,invalido,2922706,https://doem.org.br/ba/novacanaa/diarios
Nova Fátima,,,doem,BA,invalido,2922730,http://doem.org.br/ba/novafatima/diarios
Nova Fátima,,,doem,BA,invalido,2922730,https://doem.org.br/ba/novafatima/diarios
Nova Fátima,,,doem,BA,invalido,2922730,http://doem.org.br/ba/fatima/diarios
Nova Fátima,,,doem,BA,invalido,2922730,https://doem.org.br/ba/fatima/diarios
Nova Ibiá,,,doem,BA,invalido,2922755,https://doem.org.br/ba/novaibia/diarios
Nova Ibiá,,,doem,BA,invalido,2922755,http://doem.org.br/ba/novaibia/diarios
Nova Itarana,,,doem,BA,invalido,2922805,https://doem.org.br/ba/novaitarana/diarios
Nova Itarana,,,doem,BA,invalido,2922805,http://doem.org.br/ba/novaitarana/diarios
Nova Redenção,,,doem,BA,invalido,2922854,http://doem.org.br/ba/novaredencao/diarios
Nova Redenção,,,doem,BA,invalido,2922854,https://doem.org.br/ba/novaredencao/diarios
Nova Soure,,,doem,BA,invalido,2922904,http://doem.org.br/ba/novasoure/diarios
Nova Soure,,,doem,BA,invalido,2922904,https://doem.org.br/ba/novasoure/diarios
Nova Viçosa,,,doem,BA,invalido,2923001,https://doem.org.br/ba/novavicosa/diarios
Nova Viçosa,,,doem,BA,invalido,2923001,http://doem.org.br/ba/novavicosa/diarios
Novo Horizonte,,,doem,BA,invalido,2923035,https://doem.org.br/ba/novohorizonte/diarios
Novo Horizonte,,,doem,BA,invalido,2923035,http://doem.org.br/ba/novohorizonte/diarios
Novo Triunfo,,,doem,BA,invalido,2923050,http://doem.org.br/ba/novotriunfo/diarios
Novo Triunfo,,,doem,BA,invalido,2923050,https://doem.org.br/ba/novotriunfo/diarios
Olindina,,,doem,BA,invalido,2923100,https://doem.org.br/ba/olindina/diarios
Olindina,,,doem,BA,invalido,2923100,http://doem.org.br/ba/olindina/diarios
Ouriçangas,,,doem,BA,invalido,2923308,http://doem.org.br/ba/ouricangas/diarios
Ouriçangas,,,doem,BA,invalido,2923308,https://doem.org.br/ba/ouricangas/diarios
Ourolândia,,,doem,BA,invalido,2923357,https://doem.org.br/ba/ourolandia/diarios
Ourolândia,,,doem,BA,invalido,2923357,http://doem.org.br/ba/ourolandia/diarios
Palmas de Monte Alto,,,doem,BA,invalido,2923407,http://doem.org.br/ba/palmasdemontealto/diarios
Palmas de Monte Alto,,,doem,BA,invalido,2923407,https://doem.org.br/ba/palmasdemontealto/diarios
Palmeiras,,,doem,BA,invalido,2923506,https://doem.org.br/ba/palmeiras/diarios
Palmeiras,,,doem,BA,invalido,2923506,http://doem.org.br/ba/palmeiras/diarios
Paraíso das Águas,,,doem,MS,invalido,5006275,http://doem.org.br/ms/paraisodasaguas/diarios
Paraíso das Águas,,,doem,MS,invalido,5006275,https://doem.org.br/ms/paraisodasaguas/diarios
Paramirim,,,doem,BA,invalido,2923605,https://doem.org.br/ba/paramirim/diarios
Paramirim,,,doem,BA,invalido,2923605,http://doem.org.br/ba/paramirim/diarios
Paratinga,,,doem,BA,invalido,2923704,http://doem.org.br/ba/paratinga/diarios
Paratinga,,,doem,BA,invalido,2923704,https://doem.org.br/ba/paratinga/diarios
Paripiranga,,,doem,BA,invalido,2923803,https://doem.org.br/ba/paripiranga/diarios
Paripiranga,,,doem,BA,invalido,2923803,http://doem.org.br/ba/paripiranga/diarios
Pau Brasil,,,doem,BA,invalido,2923902,http://doem.org.br/ba/paubrasil/diarios
Pau Brasil,,,doem,BA,invalido,2923902,https://doem.org.br/ba/paubrasil/diarios
Paulo Afonso,,,doem,BA,invalido,2924009,http://doem.org.br/ba/pauloafonso/diarios
Paulo Afonso,,,doem,BA,invalido,2924009,https://doem.org.br/ba/pauloafonso/diarios
Pé de Serra,,,doem,BA,invalido,2924058,http://doem.org.br/ba/pedeserra/diarios
Pé de Serra,,,doem,BA,invalido,2924058,https://doem.org.br/ba/pedeserra/diarios
Pedrão,,,doem,BA,invalido,2924108,https://doem.org.br/ba/pedrao/diarios
Pedrão,,,doem,BA,invalido,2924108,http://doem.org.br/ba/pedrao/diarios
Pedro Alexandre,,,doem,BA,invalido,2924207,http://doem.org.br/ba/pedroalexandre/diarios
Pedro Alexandre,,,doem,BA,invalido,2924207,https://doem.org.br/ba/pedroalexandre/diarios
Piatã,,,doem,BA,invalido,2924306,http://doem.org.br/ba/piata/diarios
Piatã,,,doem,BA,invalido,2924306,https://doem.org.br/ba/piata/diarios
Pilão Arcado,,,doem,BA,invalido,2924405,https://doem.org.br/ba/pilaoarcado/diarios
Pilão Arcado,,,doem,BA,invalido,2924405,http://doem.org.br/ba/pilaoarcado/diarios
Pindaí,,,doem,BA,invalido,2924504,http://doem.org.br/ba/pindai/diarios
Pindaí,,,doem,BA,invalido,2924504,https://doem.org.br/ba/pindai/diarios
Pindobaçu,,,doem,BA,invalido,2924603,http://doem.org.br/ba/pindobacu/diarios
Pindobaçu,,,doem,BA,invalido,2924603,https://doem.org.br/ba/pindobacu/diarios
Pintadas,,,doem,BA,invalido,2924652,https://doem.org.br/ba/pintadas/diarios
Pintadas,,,doem,BA,invalido,2924652,http://doem.org.br/ba/pintadas/diarios
Piraí do Norte,,,doem,BA,invalido,2924678,http://doem.org.br/ba/piraidonorte/diarios
Piraí do Norte,,,doem,BA,invalido,2924678,https://doem.org.br/ba/piraidonorte/diarios
Piripá,,,doem,BA,invalido,2924702,https://doem.org.br/ba/piripa/diarios
Piripá,,,doem,BA,invalido,2924702,http://doem.org.br/ba/piripa/diarios
Piritiba,,,doem,BA,invalido,2924801,https://doem.org.br/ba/piritiba/diarios
Piritiba,,,doem,BA,invalido,2924801,http://doem.org.br/ba/piritiba/diarios
Planaltino,,,doem,BA,invalido,2924900,https://doem.org.br/ba/planaltino/diarios
Planaltino,,,doem,BA,invalido,2924900,http://doem.org.br/ba/planaltino/diarios
Planalto,,,doem,BA,invalido,2925006,http://doem.org.br/ba/planalto/diarios
Planalto,,,doem,BA,invalido,2925006,https://doem.org.br/ba/planalto/diarios
Poções,,,doem,BA,invalido,2925105,https://doem.org.br/ba/pocoes/diarios
Poções,,,doem,BA,invalido,2925105,http://doem.org.br/ba/pocoes/diarios
Pojuca,,,doem,BA,invalido,2925204,https://doem.org.br/ba/pojuca/diarios
Pojuca,,,doem,BA,invalido,2925204,http://doem.org.br/ba/pojuca/diarios
Ponto Novo,,,doem,BA,invalido,2925253,https://doem.org.br/ba/pontonovo/diarios
Ponto Novo,,,doem,BA,invalido,2925253,http://doem.org.br/ba/pontonovo/diarios
Porto Seguro,,,doem,BA,invalido,2925303,https://www.acessoinformacao.com.br/ba/portoseguro/
Porto Seguro,,,doem,BA,invalido,2925303,http://www.acessoinformacao.com.br/ba/portoseguro/
Potiraguá,,,doem,BA,invalido,2925402,http://doem.org.br/ba/potiragua/diarios
Potiraguá,,,doem,BA,invalido,2925402,https://doem.org.br/ba/potiragua/diarios
Presidente Dutra,,,doem,BA,invalido,2925600,https://doem.org.br/ba/presidentedutra/diarios
Presidente Dutra,,,doem,BA,invalido,2925600,http://doem.org.br/ba/presidentedutra/diarios
Presidente Jânio Quadros,,,doem,BA,invalido,2925709,https://doem.org.br/ba/presidentejanioquadros/diarios
Presidente Jânio Quadros,,,doem,BA,invalido,2925709,http://doem.org.br/ba/presidentejanioquadros/diarios
Presidente Tancredo Neves,,,doem,BA,invalido,2925758,https://doem.org.br/ba/presidentetancredoneves/diarios
Presidente Tancredo Neves,,,doem,BA,invalido,2925758,http://doem.org.br/ba/presidentetancredoneves/diarios
Queimadas,,,doem,BA,invalido,2925808,http://doem.org.br/ba/queimadas/diarios
Queimadas,,,doem,BA,invalido,2925808,https://doem.org.br/ba/queimadas/diarios
Quijingue,,,doem,BA,invalido,2925907,https://doem.org.br/ba/quijingue/diarios
Quijingue,,,doem,BA,invalido,2925907,http://doem.org.br/ba/quijingue/diarios
Quixabeira,,,doem,BA,invalido,2925931,http://doem.org.br/ba/quixabeira/diarios
Quixabeira,,,doem,BA,invalido,2925931,https://doem.org.br/ba/quixabeira/diarios
Rafael Jambeiro,,,doem,BA,invalido,2925956,http://doem.org.br/ba/rafaeljambeiro/diarios
Rafael Jambeiro,,,doem,BA,invalido,2925956,https://doem.org.br/ba/rafaeljambeiro/diarios
Remanso,,,doem,BA,invalido,2926004,https://doem.org.br/ba/remanso/diarios
Remanso,,,doem,BA,invalido,2926004,http://doem.org.br/ba/remanso/diarios
Retirolândia,,,doem,BA,invalido,2926103,https://doem.org.br/ba/retirolandia/diarios
Retirolândia,,,doem,BA,invalido,2926103,http://doem.org.br/ba/retirolandia/diarios
Riachão das Neves,,,doem,BA,invalido,2926202,https://doem.org.br/ba/riachaodasneves/diarios
Riachão das Neves,,,doem,BA,invalido,2926202,http://doem.org.br/ba/riachaodasneves/diarios
Riachão do Jacuípe,,,doem,BA,invalido,2926301,http://doem.org.br/ba/riachaodojacuipe/diarios
Riachão do Jacuípe,,,doem,BA,invalido,2926301,https://doem.org.br/ba/riachaodojacuipe/diarios
Riacho de Santana,,,doem,BA,invalido,2926400,http://doem.org.br/ba/riachodesantana/diarios
Riacho de Santana,,,doem,BA,invalido,2926400,http://doem.org.br/ba/santana/diarios
Riacho de Santana,,,doem,BA,invalido,2926400,https://doem.org.br/ba/santana/diarios
Riacho de Santana,,,doem,BA,invalido,2926400,https://doem.org.br/ba/riachodesantana/diarios
Ribeira do Amparo,,,doem,BA,invalido,2926509,http://doem.org.br/ba/ribeiradoamparo/diarios
Ribeira do Amparo,,,doem,BA,invalido,2926509,https://doem.org.br/ba/ribeiradoamparo/diarios
Rio de Contas,,,doem,BA,invalido,2926707,http://doem.org.br/ba/riodecontas/diarios
Rio de Contas,,,doem,BA,invalido,2926707,https://doem.org.br/ba/riodecontas/diarios
Rio do Antônio,,,doem,BA,invalido,2926806,http://doem.org.br/ba/riodoantonio/diarios
Rio do Antônio,,,doem,BA,invalido,2926806,https://doem.org.br/ba/riodoantonio/diarios
Rio do Pires,,,doem,BA,invalido,2926905,http://doem.org.br/ba/riodopires/diarios
Rio do Pires,,,doem,BA,invalido,2926905,https://doem.org.br/ba/riodopires/diarios
Rio Real,,,doem,BA,invalido,2927002,https://www.acessoinformacao.com.br/ba/rioreal/
Rio Real,,,doem,BA,invalido,2927002,http://www.acessoinformacao.com.br/ba/rioreal/
Ruy Barbosa,,,doem,BA,invalido,2927200,http://doem.org.br/ba/ruybarbosa/diarios
Ruy Barbosa,,,doem,BA,invalido,2927200,https://doem.org.br/ba/ruybarbosa/diarios
Salinas da Margarida,,,doem,BA,invalido,2927309,https://doem.org.br/ba/salinasdamargarida/diarios
Salinas da Margarida,,,doem,BA,invalido,2927309,http://doem.org.br/ba/salinasdamargarida/diarios
Salvador,,,doem,BA,invalido,2927408,https://doem.org.br/ba/salvador/diarios
Salvador,,,doem,BA,invalido,2927408,http://doem.org.br/ba/salvador/diarios
Santa Bárbara,,,doem,BA,invalido,2927507,http://doem.org.br/ba/santabarbara/diarios
Santa Bárbara,,,doem,BA,invalido,2927507,https://doem.org.br/ba/santabarbara/diarios
Santa Brígida,,,doem,BA,invalido,2927606,https://doem.org.br/ba/santabrigida/diarios
Santa Brígida,,,doem,BA,invalido,2927606,http://doem.org.br/ba/santabrigida/diarios
Santa Cruz da Vitória,,,doem,BA,invalido,2927804,http://doem.org.br/ba/santacruzdavitoria/diarios
Santa Cruz da Vitória,,,doem,BA,invalido,2927804,https://doem.org.br/ba/santacruzdavitoria/diarios
Santa Inês,,,doem,BA,invalido,2927903,http://doem.org.br/ba/santaines/diarios
Santa Inês,,,doem,BA,invalido,2927903,https://doem.org.br/ba/santaines/diarios
Santa Maria da Vitória,,,doem,BA,invalido,2928109,http://doem.org.br/ba/santamariadavitoria/diarios
Santa Maria da Vitória,,,doem,BA,invalido,2928109,https://doem.org.br/ba/santamariadavitoria/diarios
Santa Teresinha,,,doem,BA,invalido,2928505,http://doem.org.br/ba/santateresinha/diarios
Santa Teresinha,,,doem,BA,invalido,2928505,https://doem.org.br/ba/santateresinha/diarios
Santaluz,,,doem,BA,invalido,2928000,http://doem.org.br/ba/santaluz/diarios
Santaluz,,,doem,BA,invalido,2928000,https://doem.org.br/ba/santaluz/diarios
Santana,,,doem,BA,invalido,2928208,http://doem.org.br/ba/santana/diarios
Santana,,,doem,BA,invalido,2928208,https://doem.org.br/ba/santana/diarios
Santanópolis,,,doem,BA,invalido,2928307,http://doem.org.br/ba/santanopolis/diarios
Santanópolis,,,doem,BA,invalido,2928307,https://doem.org.br/ba/santanopolis/diarios
Santo Antônio de Jesus,,,doem,BA,invalido,2928703,https://doem.org.br/ba/santoantoniodejesus/diarios
Santo Antônio de Jesus,,,doem,BA,invalido,2928703,http://doem.org.br/ba/santoantoniodejesus/diarios
São Domingos,,,doem,BA,invalido,2928950,http://doem.org.br/ba/saodomingos/diarios
São Domingos,,,doem,BA,invalido,2928950,https://doem.org.br/ba/saodomingos/diarios
São Desidério,,,doem,BA,invalido,2928901,http://www.acessoinformacao.com.br/ba/saodesiderio/
São Desidério,,,doem,BA,invalido,2928901,https://www.acessoinformacao.com.br/ba/saodesiderio/
São Felipe,,,doem,BA,invalido,2929107,http://doem.org.br/ba/saofelipe/diarios
São Felipe,,,doem,BA,invalido,2929107,https://doem.org.br/ba/saofelipe/diarios
São Félix,,,doem,BA,invalido,2929008,http://doem.org.br/ba/saofelix/diarios
São Félix,,,doem,BA,invalido,2929008,https://doem.org.br/ba/saofelix/diarios
São Félix do Coribe,,,doem,BA,invalido,2929057,http://doem.org.br/ba/coribe/diarios
São Félix do Coribe,,,doem,BA,invalido,2929057,http://doem.org.br/ba/saofelixdocoribe/diarios
São Félix do Coribe,,,doem,BA,invalido,2929057,https://doem.org.br/ba/coribe/diarios
São Félix do Coribe,,,doem,BA,invalido,2929057,https://doem.org.br/ba/saofelixdocoribe/diarios
São Francisco do Conde,,,doem,BA,invalido,2929206,https://doem.org.br/ba/conde/diarios
São Francisco do Conde,,,doem,BA,invalido,2929206,http://doem.org.br/ba/conde/diarios
São Gabriel,,,doem,BA,invalido,2929255,http://doem.org.br/ba/saogabriel/diarios
São Gabriel,,,doem,BA,invalido,2929255,https://doem.org.br/ba/saogabriel/diarios
São José da Vitória,,,doem,BA,invalido,2929354,http://doem.org.br/ba/saojosedavitoria/diarios
São José da Vitória,,,doem,BA,invalido,2929354,https://doem.org.br/ba/saojosedavitoria/diarios
São José do Jacuípe,,,doem,BA,invalido,2929370,http://doem.org.br/ba/saojosedojacuipe/diarios
São José do Jacuípe,,,doem,BA,invalido,2929370,https://doem.org.br/ba/saojosedojacuipe/diarios
São Miguel das Matas,,,doem,BA,invalido,2929404,https://doem.org.br/ba/saomigueldasmatas/diarios
São Miguel das Matas,,,doem,BA,invalido,2929404,http://doem.org.br/ba/saomigueldasmatas/diarios
São Sebastião do Passé,,,doem,BA,invalido,2929503,https://doem.org.br/ba/saosebastiaodopasse/diarios
São Sebastião do Passé,,,doem,BA,invalido,2929503,http://doem.org.br/ba/saosebastiaodopasse/diarios
Sapeaçu,,,doem,BA,invalido,2929602,http://doem.org.br/ba/sapeacu/diarios
Sapeaçu,,,doem,BA,invalido,2929602,https://doem.org.br/ba/sapeacu/diarios
Saubara,,,doem,BA,invalido,2929750,http://doem.org.br/ba/saubara/diarios
Saubara,,,doem,BA,invalido,2929750,https://doem.org.br/ba/saubara/diarios
Seabra,,,doem,BA,invalido,2929909,https://doem.org.br/ba/seabra/diarios
Seabra,,,doem,BA,invalido,2929909,http://doem.org.br/ba/seabra/diarios
Sebastião Laranjeiras,,,doem,BA,invalido,2930006,http://doem.org.br/ba/sebastiaolaranjeiras/diarios
Sebastião Laranjeiras,,,doem,BA,invalido,2930006,https://doem.org.br/ba/sebastiaolaranjeiras/diarios
Serra do Ramalho,,,doem,BA,invalido,2930154,http://doem.org.br/ba/serradoramalho/diarios
Serra do Ramalho,,,doem,BA,invalido,2930154,https://doem.org.br/ba/serradoramalho/diarios
Serra dos Aimorés,,,doem,MG,invalido,3166709,https://doem.org.br/mg/serradosaimores/diarios
Serra dos Aimorés,,,doem,MG,invalido,3166709,http://doem.org.br/mg/serradosaimores/diarios
Serra Dourada,,,doem,BA,invalido,2930303,https://doem.org.br/ba/serradourada/diarios
Serra Dourada,,,doem,BA,invalido,2930303,http://doem.org.br/ba/serradourada/diarios
Serrinha,,,doem,BA,invalido,2930501,http://doem.org.br/ba/serrinha/diarios
Serrinha,,,doem,BA,invalido,2930501,https://doem.org.br/ba/serrinha/diarios
Serrolândia,,,doem,BA,invalido,2930600,https://doem.org.br/ba/serrolandia/diarios
Serrolândia,,,doem,BA,invalido,2930600,http://doem.org.br/ba/serrolandia/diarios
Simões Filho,,,doem,BA,invalido,2930709,http://doem.org.br/ba/simoesfilho/diarios
Simões Filho,,,doem,BA,invalido,2930709,https://doem.org.br/ba/simoesfilho/diarios
Sítio do Mato,,,doem,BA,invalido,2930758,https://doem.org.br/ba/sitiodomato/diarios
Sítio do Mato,,,doem,BA,invalido,2930758,http://doem.org.br/ba/sitiodomato/diarios
Sítio do Quinto,,,doem,BA,invalido,2930766,http://doem.org.br/ba/sitiodoquinto/diarios
Sítio do Quinto,,,doem,BA,invalido,2930766,https://doem.org.br/ba/sitiodoquinto/diarios
Sobradinho,,,doem,BA,invalido,2930774,http://doem.org.br/ba/sobradinho/diarios
Sobradinho,,,doem,BA,invalido,2930774,https://doem.org.br/ba/sobradinho/diarios
Souto Soares,,,doem,BA,invalido,2930808,http://doem.org.br/ba/soutosoares/diarios
Souto Soares,,,doem,BA,invalido,2930808,https://doem.org.br/ba/soutosoares/diarios
Tanhaçu,,,doem,BA,invalido,2931004,http://doem.org.br/ba/tanhacu/diarios
Tanhaçu,,,doem,BA,invalido,2931004,https://doem.org.br/ba/tanhacu/diarios
Tanque Novo,,,doem,BA,invalido,2931053,https://doem.org.br/ba/tanquenovo/diarios
Tanque Novo,,,doem,BA,invalido,2931053,http://doem.org.br/ba/tanquenovo/diarios
Tanquinho,,,doem,BA,invalido,2931103,http://doem.org.br/ba/tanquinho/diarios
Tanquinho,,,doem,BA,invalido,2931103,https://doem.org.br/ba/tanquinho/diarios
Taperoá,,,doem,BA,invalido,2931202,http://doem.org.br/ba/taperoa/diarios
Taperoá,,,doem,BA,invalido,2931202,https://doem.org.br/ba/taperoa/diarios
Teodoro Sampaio,,,doem,BA,invalido,2931400,https://doem.org.br/ba/teodorosampaio/diarios
Teodoro Sampaio,,,doem,BA,invalido,2931400,http://doem.org.br/ba/teodorosampaio/diarios
Teofilândia,,,doem,BA,invalido,2931509,https://doem.org.br/ba/teofilandia/diarios
Teofilândia,,,doem,BA,invalido,2931509,http://doem.org.br/ba/teofilandia/diarios
Terra Nova,,,doem,BA,invalido,2931707,http://doem.org.br/ba/terranova/diarios
Terra Nova,,,doem,BA,invalido,2931707,https://doem.org.br/ba/terranova/diarios
Tremedal,,,doem,BA,invalido,2931806,https://doem.org.br/ba/tremedal/diarios
Tremedal,,,doem,BA,invalido,2931806,http://doem.org.br/ba/tremedal/diarios
Uauá,,,doem,BA,invalido,2932002,http://doem.org.br/ba/uaua/diarios
Uauá,,,doem,BA,invalido,2932002,https://doem.org.br/ba/uaua/diarios
Ubaíra,,,doem,BA,invalido,2932101,https://doem.org.br/ba/ubaira/diarios
Ubaíra,,,doem,BA,invalido,2932101,http://doem.org.br/ba/ubaira/diarios
Ubaitaba,,,doem,BA,invalido,2932200,http://doem.org.br/ba/ubaitaba/diarios
Ubaitaba,,,doem,BA,invalido,2932200,https://doem.org.br/ba/ubaitaba/diarios
Ubatã,,,doem,BA,invalido,2932309,http://doem.org.br/ba/ubata/diarios
Ubatã,,,doem,BA,invalido,2932309,https://doem.org.br/ba/ubata/diarios
Uibaí,,,doem,BA,invalido,2932408,https://doem.org.br/ba/uibai/diarios
Uibaí,,,doem,BA,invalido,2932408,http://doem.org.br/ba/uibai/diarios
Umburanas,,,doem,BA,invalido,2932457,http://doem.org.br/ba/umburanas/diarios
Umburanas,,,doem,BA,invalido,2932457,https://doem.org.br/ba/umburanas/diarios
Una,,,doem,BA,invalido,2932507,https://doem.org.br/ba/una/diarios
Una,,,doem,BA,invalido,2932507,http://doem.org.br/ba/una/diarios
Urandi,,,doem,BA,invalido,2932606,https://doem.org.br/ba/urandi/diarios
Urandi,,,doem,BA,invalido,2932606,http://doem.org.br/ba/urandi/diarios
Uruçuca,,,doem,BA,invalido,2932705,http://doem.org.br/ba/urucuca/diarios
Uruçuca,,,doem,BA,invalido,2932705,https://doem.org.br/ba/urucuca/diarios
Utinga,,,doem,BA,invalido,2932804,https://doem.org.br/ba/utinga/diarios
Utinga,,,doem,BA,invalido,2932804,http://doem.org.br/ba/utinga/diarios
Valença,,,doem,BA,invalido,2932903,https://doem.org.br/ba/valenca/diarios
Valença,,,doem,BA,invalido,2932903,http://doem.org.br/ba/valenca/diarios
Valente,,,doem,BA,invalido,2933000,http://doem.org.br/ba/valente/diarios
Valente,,,doem,BA,invalido,2933000,https://doem.org.br/ba/valente/diarios
Várzea da Roça,,,doem,BA,invalido,2933059,http://doem.org.br/ba/varzeadaroca/diarios
Várzea da Roça,,,doem,BA,invalido,2933059,https://doem.org.br/ba/varzeadaroca/diarios
Várzea do Poço,,,doem,BA,invalido,2933109,https://doem.org.br/ba/varzeadopoco/diarios
Várzea do Poço,,,doem,BA,invalido,2933109,http://doem.org.br/ba/varzeadopoco/diarios
Várzea Nova,,,doem,BA,invalido,2933158,https://doem.org.br/ba/varzeanova/diarios
Várzea Nova,,,doem,BA,invalido,2933158,http://doem.org.br/ba/varzeanova/diarios
Varzedo,,,doem,BA,invalido,2933174,http://doem.org.br/ba/varzedo/diarios
Varzedo,,,doem,BA,invalido,2933174,https://doem.org.br/ba/varzedo/diarios
Vera Cruz,,,doem,BA,invalido,2933208,https://doem.org.br/ba/veracruz/diarios
Vera Cruz,,,doem,BA,invalido,2933208,http://doem.org.br/ba/veracruz/diarios
Vereda,,,doem,BA,invalido,2933257,https://doem.org.br/ba/vereda/diarios
Vereda,,,doem,BA,invalido,2933257,http://doem.org.br/ba/vereda/diarios
Vitória da Conquista,,,doem,BA,invalido,2933307,https://doem.org.br/ba/vitoriadaconquista/diarios
Vitória da Conquista,,,doem,BA,invalido,2933307,http://doem.org.br/ba/vitoriadaconquista/diarios
Wagner,,,doem,BA,invalido,2933406,https://doem.org.br/ba/wagner/diarios
Wagner,,,doem,BA,invalido,2933406,http://doem.org.br/ba/wagner/diarios
Wanderley,,,doem,BA,invalido,2933455,http://doem.org.br/ba/wanderley/diarios
Wanderley,,,doem,BA,invalido,2933455,https://doem.org.br/ba/wanderley/diarios
Wenceslau Guimarães,,,doem,BA,invalido,2933505,http://doem.org.br/ba/wenceslauguimaraes/diarios
Wenceslau Guimarães,,,doem,BA,invalido,2933505,https://doem.org.br/ba/wenceslauguimaraes/diarios
Xique-Xique,,,doem,BA,invalido,2933604,https://doem.org.br/ba/xiquexique/diarios
Xique-Xique,,,doem,BA,invalido,2933604,http://doem.org.br/ba/xiquexique/diarios
